{
  "i18n/i18n.properties": 1718117047253,
  "manifest.json": 1718802718395,
  "ext/fragment/TreasuaryComments.js": 1718794186696,
  "ext/fragment/LegalComments.js": 1718794386179,
  "ext/fragment/FreeUseComments.js": 1718794570458,
  "ext/fragment/FreePayComments.js": 1718792377595,
  "ext/fragment/Asmcomments.js": 1718793980405,
  "ext/fragment/Accomments.js": 1718790161212,
  "ext/fragment/Vpcomments.js": 1718791896786,
  "Component.js": 1718182625872,
  "Component-dbg.js": 1718182625872,
  "Component.js.map": 1718802718690,
  "ext/fragment/LegalComments-dbg.js": 1718794386179,
  "ext/fragment/LegalComments.js.map": 1718802718690,
  "ext/fragment/FreeUseComments-dbg.js": 1718794570458,
  "ext/fragment/FreeUseComments.js.map": 1718802718692,
  "ext/fragment/FreePayComments-dbg.js": 1718792377595,
  "ext/fragment/FreePayComments.js.map": 1718802718690,
  "ext/fragment/Asmcomments-dbg.js": 1718793980405,
  "ext/fragment/Asmcomments.js.map": 1718802718692,
  "ext/fragment/Accomments-dbg.js": 1718790161212,
  "ext/fragment/Accomments.js.map": 1718802718693,
  "ext/fragment/Vpcomments-dbg.js": 1718791896786,
  "ext/fragment/Vpcomments.js.map": 1718802718693,
  "ext/fragment/TreasuaryComments-dbg.js": 1718794186696,
  "ext/fragment/TreasuaryComments.js.map": 1718802718694,
  "Component-preload.js": 1718802719097,
  "Component-preload.js.map": 1718802719097,
  "ext/fragment/Vpcomments.fragment.xml": 1718792121348,
  "ext/fragment/TreasuaryComments.fragment.xml": 1718794319403,
  "ext/fragment/LegalComments.fragment.xml": 1718794522106,
  "ext/fragment/FreeUseComments.fragment.xml": 1718794701609,
  "ext/fragment/FreePayComments.fragment.xml": 1718792525502,
  "ext/fragment/Asmcomments.fragment.xml": 1718794114280,
  "ext/fragment/Accomments.fragment.xml": 1718797972349,
  "index.html": 1718117047249
}